{
    // Path to factorio server
    executable: "./factorio/bin/x64/factorio",
    launch_parameters: [
        "--start-server-load-latest",
        "/path/to/factorio/saves/save.zip",
        "--server-settings",
        "/path/to/factorio/data/server-settings.json",
    ],
    // start factorio when factocord starts
    autolaunch: true,

    // Token of the discord bot
    discord_token: "",
    // Name of the game the bot will be "playing".
    game_name: "Factorio",
    // Id of the channel that will be synchronized with in-game chat
    factorio_channel_id:"",
    // Prefix used to send commands to the bot (e.g. $help)
    prefix: "$",
    // Whether the scenario that will send custom messages from the game is enabled
    have_server_essentials: false,
    // Color usernames of the discord users in factorio chat
    ingame_discord_user_colors: false,

    allow_pinging_everyone: false,

    // Send all console output to that channel
    enable_console_channel: false,
    factorio_console_chat_id: "",

    // Player Watcher: Watch a source channel for JOIN/LEAVE logs and forward to target channel
    // Also enables the !player command to show online players with playtime
    player_watcher_source_channel_id: "",
    player_watcher_target_channel_id: "",

    // DM Chat: Enable direct message communication with admins
    // Allows admins to control the server and execute commands via Discord DMs
    enable_dm_chat: true,
    // Path to store verification data (links between Discord and Factorio accounts)
    verification_data_path: "./verification.json",

    // IDs of the discord users that are allowed to execute any command
    admin_ids: [
        // "123456789",
        // "987654321",
    ],
    // IDs of discord roles that are allowed to execute certain commands.
    // command names should be lowercase
    command_roles: {
        // "mod": "123456789",
        // "server": "123456789"
        // "save": "123456789",
        // "config": "123456789",
        // those who have a role with id '123456789' can execute mod, server, save, and config commands

        // "kick": "987654321",
        // "ban": "987654321",
        // "unban": "987654321",
    },

    // Path to 'mod-list.json'
    mod_list_location: "./factorio/mods/mod-list.json",

    // Your username and token to download mods from mod portal
    // You can get those at https://factorio.com/profile
    username: "",
    mod_portal_token: "",

    // messages for certain events.  set "" to hide that message
    messages: {
        bot_start: "**:white_check_mark: Bot started! Launching server...**",
        bot_start_only: "**:white_check_mark: Bot started! Autolaunch disabled.**",
        bot_stop: ":v:",
        server_start: "**:white_check_mark: The server has started!**",
        server_stop: "**:octagonal_sign: The server has stopped!**",
        server_fail: "**:skull: The server has crashed!**",
        server_save: "**:floppy_disk: Game saved!**",
        server_ready: "**:green_circle: Server is ready for players!**",
        player_join: "**:arrow_up: {username}**",
        player_leave: "**:arrow_down: {username}**",
        download_start: ":arrow_down: Downloading {file}...",
        download_progress: ":arrow_down: Downloading {file}: {percent}%",
        download_complete: ":white_check_mark: Downloaded {file}",
        unpacking: ":pinching_hand: Unpacking {file}...",
        unpacking_complete: ":ok_hand: Server updated to {version}",
    }
}